{"cameraMode":{"drawMode":0,"name":"Shaded","section":"Shading Mode"},"sceneLighting":false,"audioPlay":false,"sceneViewState":{"m_AlwaysRefresh":false,"showFog":true,"showSkybox":false,"showFlares":true,"showImageEffects":true,"showParticleSystems":true,"showVisualEffectGraphs":true,"m_FxEnabled":true},"in2DMode":false,"pivot":{"x":-0.18818888068199159,"y":0.2544867992401123,"z":-1.4205777645111085},"rotation":{"x":-0.18551939725875855,"y":-0.2355934977531433,"z":0.04600532352924347,"w":-0.9529346823692322},"size":3.3112757205963136,"orthographic":false}