{"cameraMode":{"drawMode":0,"name":"Shaded","section":"Shading Mode"},"sceneLighting":true,"audioPlay":false,"sceneViewState":{"m_AlwaysRefresh":false,"showFog":true,"showSkybox":true,"showFlares":true,"showImageEffects":true,"showParticleSystems":true,"showVisualEffectGraphs":true,"m_FxEnabled":true},"in2DMode":false,"pivot":{"x":-0.045451607555150989,"y":-1.515390157699585,"z":1.858574628829956},"rotation":{"x":-0.12001903355121613,"y":-0.005170086398720741,"z":0.002097736345604062,"w":-0.9928327798843384},"size":8.825395584106446,"orthographic":false}